trade_type,category_level,fiscal_year,category,value_million_pkr,value_million_usd,exchange_rate_pkr_per_usd,unit_pkr,unit_usd,source_url
exports,major_groups,2010-11,Animal and vegetable oils and fats,10529.116,123.14510705635092,85.5017,million PKR,million USD,https://www.pbs.gov.pk/wp-content/uploads/2020/07/Pakistan_Statistical_Year_Book_2022.pdf
exports,major_groups,2010-11,Beverages and tobacco,4164.834,48.71054025826387,85.5017,million PKR,million USD,https://www.pbs.gov.pk/wp-content/uploads/2020/07/Pakistan_Statistical_Year_Book_2022.pdf
exports,major_groups,2010-11,Chemicals,78901.797,922.8096868249404,85.5017,million PKR,million USD,https://www.pbs.gov.pk/wp-content/uploads/2020/07/Pakistan_Statistical_Year_Book_2022.pdf
exports,major_groups,2010-11,Commodities and transactions not classified according to kind,67.806,0.793036863594525,85.5017,million PKR,million USD,https://www.pbs.gov.pk/wp-content/uploads/2020/07/Pakistan_Statistical_Year_Book_2022.pdf
exports,major_groups,2010-11,"Crude materials inedible, except fuels",81275.521,950.5719886271266,85.5017,million PKR,million USD,https://www.pbs.gov.pk/wp-content/uploads/2020/07/Pakistan_Statistical_Year_Book_2022.pdf
exports,major_groups,2010-11,Food and live animals,214132.351,2504.422145992419,85.5017,million PKR,million USD,https://www.pbs.gov.pk/wp-content/uploads/2020/07/Pakistan_Statistical_Year_Book_2022.pdf
exports,major_groups,2010-11,Machinery and transport equipment,19643.486,229.7438062635012,85.5017,million PKR,million USD,https://www.pbs.gov.pk/wp-content/uploads/2020/07/Pakistan_Statistical_Year_Book_2022.pdf
exports,major_groups,2010-11,Manufactured goods classified chiefly by material,922992.424,10795.018391447187,85.5017,million PKR,million USD,https://www.pbs.gov.pk/wp-content/uploads/2020/07/Pakistan_Statistical_Year_Book_2022.pdf
exports,major_groups,2010-11,"Mineral fuels, lubricants and related materials",115647.399,1352.5742646052652,85.5017,million PKR,million USD,https://www.pbs.gov.pk/wp-content/uploads/2020/07/Pakistan_Statistical_Year_Book_2022.pdf
exports,major_groups,2010-11,Miscellaneous manufactured articles,511437.216,5981.602892106239,85.5017,million PKR,million USD,https://www.pbs.gov.pk/wp-content/uploads/2020/07/Pakistan_Statistical_Year_Book_2022.pdf
exports,major_groups,2011-12,Animal and vegetable oils and fats,19913.105,223.15127656021846,89.2359,million PKR,million USD,https://www.pbs.gov.pk/wp-content/uploads/2020/07/Pakistan_Statistical_Year_Book_2022.pdf
exports,major_groups,2011-12,Beverages and tobacco,4926.467,55.20723161866468,89.2359,million PKR,million USD,https://www.pbs.gov.pk/wp-content/uploads/2020/07/Pakistan_Statistical_Year_Book_2022.pdf
exports,major_groups,2011-12,Chemicals,96008.238,1075.8925275589756,89.2359,million PKR,million USD,https://www.pbs.gov.pk/wp-content/uploads/2020/07/Pakistan_Statistical_Year_Book_2022.pdf
exports,major_groups,2011-12,Commodities and transactions not classified according to kind,28.404,0.3183023872679045,89.2359,million PKR,million USD,https://www.pbs.gov.pk/wp-content/uploads/2020/07/Pakistan_Statistical_Year_Book_2022.pdf
exports,major_groups,2011-12,"Crude materials inedible, except fuels",111081.102,1244.8028428020561,89.2359,million PKR,million USD,https://www.pbs.gov.pk/wp-content/uploads/2020/07/Pakistan_Statistical_Year_Book_2022.pdf
exports,major_groups,2011-12,Food and live animals,179555.55,2012.1447758133215,89.2359,million PKR,million USD,https://www.pbs.gov.pk/wp-content/uploads/2020/07/Pakistan_Statistical_Year_Book_2022.pdf
exports,major_groups,2011-12,Machinery and transport equipment,18249.038,204.5033220934624,89.2359,million PKR,million USD,https://www.pbs.gov.pk/wp-content/uploads/2020/07/Pakistan_Statistical_Year_Book_2022.pdf
exports,major_groups,2011-12,Manufactured goods classified chiefly by material,877515.311,9833.657877603073,89.2359,million PKR,million USD,https://www.pbs.gov.pk/wp-content/uploads/2020/07/Pakistan_Statistical_Year_Book_2022.pdf
exports,major_groups,2011-12,"Mineral fuels, lubricants and related materials",80046.698,897.0234849427193,89.2359,million PKR,million USD,https://www.pbs.gov.pk/wp-content/uploads/2020/07/Pakistan_Statistical_Year_Book_2022.pdf
exports,major_groups,2011-12,Miscellaneous manufactured articles,539762.888,6048.719046930664,89.2359,million PKR,million USD,https://www.pbs.gov.pk/wp-content/uploads/2020/07/Pakistan_Statistical_Year_Book_2022.pdf
exports,major_groups,2012-13,Animal and vegetable oils and fats,19032.782,196.767631028294,96.7272,million PKR,million USD,https://www.pbs.gov.pk/wp-content/uploads/2020/07/Pakistan_Statistical_Year_Book_2022.pdf
exports,major_groups,2012-13,Beverages and tobacco,3716.942,38.427060847414175,96.7272,million PKR,million USD,https://www.pbs.gov.pk/wp-content/uploads/2020/07/Pakistan_Statistical_Year_Book_2022.pdf
exports,major_groups,2012-13,Chemicals,84799.712,876.68941104467,96.7272,million PKR,million USD,https://www.pbs.gov.pk/wp-content/uploads/2020/07/Pakistan_Statistical_Year_Book_2022.pdf
exports,major_groups,2012-13,Commodities and transactions not classified according to kind,11017.088,113.89855180342241,96.7272,million PKR,million USD,https://www.pbs.gov.pk/wp-content/uploads/2020/07/Pakistan_Statistical_Year_Book_2022.pdf
exports,major_groups,2012-13,"Crude materials inedible, except fuels",97997.652,1013.1343820559264,96.7272,million PKR,million USD,https://www.pbs.gov.pk/wp-content/uploads/2020/07/Pakistan_Statistical_Year_Book_2022.pdf
exports,major_groups,2012-13,Food and live animals,190555.395,1970.029061112076,96.7272,million PKR,million USD,https://www.pbs.gov.pk/wp-content/uploads/2020/07/Pakistan_Statistical_Year_Book_2022.pdf
exports,major_groups,2012-13,Machinery and transport equipment,22893.53,236.68140915895424,96.7272,million PKR,million USD,https://www.pbs.gov.pk/wp-content/uploads/2020/07/Pakistan_Statistical_Year_Book_2022.pdf
exports,major_groups,2012-13,Manufactured goods classified chiefly by material,1037177.462,10722.707387373977,96.7272,million PKR,million USD,https://www.pbs.gov.pk/wp-content/uploads/2020/07/Pakistan_Statistical_Year_Book_2022.pdf
exports,major_groups,2012-13,"Mineral fuels, lubricants and related materials",2809.046,29.040910933015738,96.7272,million PKR,million USD,https://www.pbs.gov.pk/wp-content/uploads/2020/07/Pakistan_Statistical_Year_Book_2022.pdf
exports,major_groups,2012-13,Miscellaneous manufactured articles,638510.228,6601.14453845454,96.7272,million PKR,million USD,https://www.pbs.gov.pk/wp-content/uploads/2020/07/Pakistan_Statistical_Year_Book_2022.pdf
exports,major_groups,2013-14,Animal and vegetable oils and fats,13082.052,127.18419663403627,102.8591,million PKR,million USD,https://www.pbs.gov.pk/wp-content/uploads/2020/07/Pakistan_Statistical_Year_Book_2022.pdf
exports,major_groups,2013-14,Beverages and tobacco,2901.112,28.204718882432378,102.8591,million PKR,million USD,https://www.pbs.gov.pk/wp-content/uploads/2020/07/Pakistan_Statistical_Year_Book_2022.pdf
exports,major_groups,2013-14,Chemicals,120391.345,1170.4491386761113,102.8591,million PKR,million USD,https://www.pbs.gov.pk/wp-content/uploads/2020/07/Pakistan_Statistical_Year_Book_2022.pdf
exports,major_groups,2013-14,Commodities and transactions not classified according to kind,89.466,0.869791783128571,102.8591,million PKR,million USD,https://www.pbs.gov.pk/wp-content/uploads/2020/07/Pakistan_Statistical_Year_Book_2022.pdf
exports,major_groups,2013-14,"Crude materials inedible, except fuels",107170.056,1041.9112747438,102.8591,million PKR,million USD,https://www.pbs.gov.pk/wp-content/uploads/2020/07/Pakistan_Statistical_Year_Book_2022.pdf
exports,major_groups,2013-14,Food and live animals,221052.879,2149.0843202011292,102.8591,million PKR,million USD,https://www.pbs.gov.pk/wp-content/uploads/2020/07/Pakistan_Statistical_Year_Book_2022.pdf
exports,major_groups,2013-14,Machinery and transport equipment,23531.984,228.77882462514256,102.8591,million PKR,million USD,https://www.pbs.gov.pk/wp-content/uploads/2020/07/Pakistan_Statistical_Year_Book_2022.pdf
exports,major_groups,2013-14,Manufactured goods classified chiefly by material,1126913.358,10955.893625357407,102.8591,million PKR,million USD,https://www.pbs.gov.pk/wp-content/uploads/2020/07/Pakistan_Statistical_Year_Book_2022.pdf
exports,major_groups,2013-14,"Mineral fuels, lubricants and related materials",74322.774,722.5687761218988,102.8591,million PKR,million USD,https://www.pbs.gov.pk/wp-content/uploads/2020/07/Pakistan_Statistical_Year_Book_2022.pdf
exports,major_groups,2013-14,Miscellaneous manufactured articles,640190.655,6223.957384421991,102.8591,million PKR,million USD,https://www.pbs.gov.pk/wp-content/uploads/2020/07/Pakistan_Statistical_Year_Book_2022.pdf
exports,major_groups,2014-15,Animal and vegetable oils and fats,9339.329,92.19958201169459,101.2947,million PKR,million USD,https://www.pbs.gov.pk/wp-content/uploads/2020/07/Pakistan_Statistical_Year_Book_2022.pdf
exports,major_groups,2014-15,Beverages and tobacco,1769.449,17.468327563041303,101.2947,million PKR,million USD,https://www.pbs.gov.pk/wp-content/uploads/2020/07/Pakistan_Statistical_Year_Book_2022.pdf
exports,major_groups,2014-15,Chemicals,99338.582,980.6888415682162,101.2947,million PKR,million USD,https://www.pbs.gov.pk/wp-content/uploads/2020/07/Pakistan_Statistical_Year_Book_2022.pdf
exports,major_groups,2014-15,Commodities and transactions not classified according to kind,50.012,0.4937277073726463,101.2947,million PKR,million USD,https://www.pbs.gov.pk/wp-content/uploads/2020/07/Pakistan_Statistical_Year_Book_2022.pdf
exports,major_groups,2014-15,"Crude materials inedible, except fuels",88516.31,873.8493721784062,101.2947,million PKR,million USD,https://www.pbs.gov.pk/wp-content/uploads/2020/07/Pakistan_Statistical_Year_Book_2022.pdf
exports,major_groups,2014-15,Food and live animals,280008.343,2764.2941141046863,101.2947,million PKR,million USD,https://www.pbs.gov.pk/wp-content/uploads/2020/07/Pakistan_Statistical_Year_Book_2022.pdf
exports,major_groups,2014-15,Machinery and transport equipment,22674.618,223.8480196890854,101.2947,million PKR,million USD,https://www.pbs.gov.pk/wp-content/uploads/2020/07/Pakistan_Statistical_Year_Book_2022.pdf
exports,major_groups,2014-15,Manufactured goods classified chiefly by material,1044314.949,10309.67019004943,101.2947,million PKR,million USD,https://www.pbs.gov.pk/wp-content/uploads/2020/07/Pakistan_Statistical_Year_Book_2022.pdf
exports,major_groups,2014-15,"Mineral fuels, lubricants and related materials",59565.503,588.0416546966425,101.2947,million PKR,million USD,https://www.pbs.gov.pk/wp-content/uploads/2020/07/Pakistan_Statistical_Year_Book_2022.pdf
exports,major_groups,2014-15,Miscellaneous manufactured articles,623472.852,6155.039227126394,101.2947,million PKR,million USD,https://www.pbs.gov.pk/wp-content/uploads/2020/07/Pakistan_Statistical_Year_Book_2022.pdf
exports,major_groups,2015-16,Animal and vegetable oils and fats,5759.878,55.25857917206312,104.235,million PKR,million USD,https://www.pbs.gov.pk/wp-content/uploads/2020/07/Pakistan_Statistical_Year_Book_2022.pdf
exports,major_groups,2015-16,Beverages and tobacco,1407.502,13.503161126301146,104.235,million PKR,million USD,https://www.pbs.gov.pk/wp-content/uploads/2020/07/Pakistan_Statistical_Year_Book_2022.pdf
exports,major_groups,2015-16,Chemicals,83752.293,803.4949201323932,104.235,million PKR,million USD,https://www.pbs.gov.pk/wp-content/uploads/2020/07/Pakistan_Statistical_Year_Book_2022.pdf
exports,major_groups,2015-16,Commodities and transactions not classified according to kind,49.5,0.474888473161606,104.235,million PKR,million USD,https://www.pbs.gov.pk/wp-content/uploads/2020/07/Pakistan_Statistical_Year_Book_2022.pdf
exports,major_groups,2015-16,"Crude materials inedible, except fuels",58770.794,563.829750083945,104.235,million PKR,million USD,https://www.pbs.gov.pk/wp-content/uploads/2020/07/Pakistan_Statistical_Year_Book_2022.pdf
exports,major_groups,2015-16,Food and live animals,408032.617,3914.5451815608963,104.235,million PKR,million USD,https://www.pbs.gov.pk/wp-content/uploads/2020/07/Pakistan_Statistical_Year_Book_2022.pdf
exports,major_groups,2015-16,Machinery and transport equipment,19643.486,188.45383988103805,104.235,million PKR,million USD,https://www.pbs.gov.pk/wp-content/uploads/2020/07/Pakistan_Statistical_Year_Book_2022.pdf
exports,major_groups,2015-16,Manufactured goods classified chiefly by material,934430.98,8964.65659327481,104.235,million PKR,million USD,https://www.pbs.gov.pk/wp-content/uploads/2020/07/Pakistan_Statistical_Year_Book_2022.pdf
exports,major_groups,2015-16,"Mineral fuels, lubricants and related materials",16690.376,160.12256919460833,104.235,million PKR,million USD,https://www.pbs.gov.pk/wp-content/uploads/2020/07/Pakistan_Statistical_Year_Book_2022.pdf
exports,major_groups,2015-16,Miscellaneous manufactured articles,638308.988,6123.749105386866,104.235,million PKR,million USD,https://www.pbs.gov.pk/wp-content/uploads/2020/07/Pakistan_Statistical_Year_Book_2022.pdf
exports,major_groups,2016-17,Animal and vegetable oils and fats,5247.519,50.12100633255967,104.697,million PKR,million USD,https://www.pbs.gov.pk/wp-content/uploads/2020/07/Pakistan_Statistical_Year_Book_2022.pdf
exports,major_groups,2016-17,Beverages and tobacco,1768.329,16.889968193931058,104.697,million PKR,million USD,https://www.pbs.gov.pk/wp-content/uploads/2020/07/Pakistan_Statistical_Year_Book_2022.pdf
exports,major_groups,2016-17,Chemicals,92584.441,884.308442457759,104.697,million PKR,million USD,https://www.pbs.gov.pk/wp-content/uploads/2020/07/Pakistan_Statistical_Year_Book_2022.pdf
exports,major_groups,2016-17,Commodities and transactions not classified according to kind,71.392,0.6818915537216921,104.697,million PKR,million USD,https://www.pbs.gov.pk/wp-content/uploads/2020/07/Pakistan_Statistical_Year_Book_2022.pdf
exports,major_groups,2016-17,"Crude materials inedible, except fuels",62304.833,595.0966407824484,104.697,million PKR,million USD,https://www.pbs.gov.pk/wp-content/uploads/2020/07/Pakistan_Statistical_Year_Book_2022.pdf
exports,major_groups,2016-17,Food and live animals,376667.249,3597.6890359800186,104.697,million PKR,million USD,https://www.pbs.gov.pk/wp-content/uploads/2020/07/Pakistan_Statistical_Year_Book_2022.pdf
exports,major_groups,2016-17,Machinery and transport equipment,18249.038,174.30335157645396,104.697,million PKR,million USD,https://www.pbs.gov.pk/wp-content/uploads/2020/07/Pakistan_Statistical_Year_Book_2022.pdf
exports,major_groups,2016-17,Manufactured goods classified chiefly by material,918834.454,8776.129726735246,104.697,million PKR,million USD,https://www.pbs.gov.pk/wp-content/uploads/2020/07/Pakistan_Statistical_Year_Book_2022.pdf
exports,major_groups,2016-17,"Mineral fuels, lubricants and related materials",19412.46,185.4156279549557,104.697,million PKR,million USD,https://www.pbs.gov.pk/wp-content/uploads/2020/07/Pakistan_Statistical_Year_Book_2022.pdf
exports,major_groups,2016-17,Miscellaneous manufactured articles,643045.909,6141.970725044653,104.697,million PKR,million USD,https://www.pbs.gov.pk/wp-content/uploads/2020/07/Pakistan_Statistical_Year_Book_2022.pdf
exports,major_groups,2017-18,Animal and vegetable oils and fats,4318.101,39.311214085430244,109.844,million PKR,million USD,https://www.pbs.gov.pk/wp-content/uploads/2020/07/Pakistan_Statistical_Year_Book_2022.pdf
exports,major_groups,2017-18,Beverages and tobacco,3083.401,28.070727577291432,109.844,million PKR,million USD,https://www.pbs.gov.pk/wp-content/uploads/2020/07/Pakistan_Statistical_Year_Book_2022.pdf
exports,major_groups,2017-18,Chemicals,114777.676,1044.9152980590657,109.844,million PKR,million USD,https://www.pbs.gov.pk/wp-content/uploads/2020/07/Pakistan_Statistical_Year_Book_2022.pdf
exports,major_groups,2017-18,Commodities and transactions not classified according to kind,79.724,0.7257929427187648,109.844,million PKR,million USD,https://www.pbs.gov.pk/wp-content/uploads/2020/07/Pakistan_Statistical_Year_Book_2022.pdf
exports,major_groups,2017-18,"Crude materials inedible, except fuels",77944.749,709.5949619460325,109.844,million PKR,million USD,https://www.pbs.gov.pk/wp-content/uploads/2020/07/Pakistan_Statistical_Year_Book_2022.pdf
exports,major_groups,2017-18,Food and live animals,522518.742,4756.916554386221,109.844,million PKR,million USD,https://www.pbs.gov.pk/wp-content/uploads/2020/07/Pakistan_Statistical_Year_Book_2022.pdf
exports,major_groups,2017-18,Machinery and transport equipment,22893.53,208.4185754342522,109.844,million PKR,million USD,https://www.pbs.gov.pk/wp-content/uploads/2020/07/Pakistan_Statistical_Year_Book_2022.pdf
exports,major_groups,2017-18,Manufactured goods classified chiefly by material,1011554.088,9209.006299843415,109.844,million PKR,million USD,https://www.pbs.gov.pk/wp-content/uploads/2020/07/Pakistan_Statistical_Year_Book_2022.pdf
exports,major_groups,2017-18,"Mineral fuels, lubricants and related materials",42905.088,390.60019664251126,109.844,million PKR,million USD,https://www.pbs.gov.pk/wp-content/uploads/2020/07/Pakistan_Statistical_Year_Book_2022.pdf
exports,major_groups,2017-18,Miscellaneous manufactured articles,754968.198,6873.094552274134,109.844,million PKR,million USD,https://www.pbs.gov.pk/wp-content/uploads/2020/07/Pakistan_Statistical_Year_Book_2022.pdf
exports,major_groups,2018-19,Animal and vegetable oils and fats,5092.756,37.42197075464766,136.09,million PKR,million USD,https://www.pbs.gov.pk/wp-content/uploads/2020/07/Pakistan_Statistical_Year_Book_2022.pdf
exports,major_groups,2018-19,Beverages and tobacco,3625.881,26.643258137996913,136.09,million PKR,million USD,https://www.pbs.gov.pk/wp-content/uploads/2020/07/Pakistan_Statistical_Year_Book_2022.pdf
exports,major_groups,2018-19,Chemicals,154547.981,1135.6306929238003,136.09,million PKR,million USD,https://www.pbs.gov.pk/wp-content/uploads/2020/07/Pakistan_Statistical_Year_Book_2022.pdf
exports,major_groups,2018-19,Commodities and transactions not classified according to kind,207.289,1.523175839517966,136.09,million PKR,million USD,https://www.pbs.gov.pk/wp-content/uploads/2020/07/Pakistan_Statistical_Year_Book_2022.pdf
exports,major_groups,2018-19,"Crude materials inedible, except fuels",83667.978,614.7988683959145,136.09,million PKR,million USD,https://www.pbs.gov.pk/wp-content/uploads/2020/07/Pakistan_Statistical_Year_Book_2022.pdf
exports,major_groups,2018-19,Food and live animals,618444.419,4544.378124770373,136.09,million PKR,million USD,https://www.pbs.gov.pk/wp-content/uploads/2020/07/Pakistan_Statistical_Year_Book_2022.pdf
exports,major_groups,2018-19,Machinery and transport equipment,23531.985,172.91487251083842,136.09,million PKR,million USD,https://www.pbs.gov.pk/wp-content/uploads/2020/07/Pakistan_Statistical_Year_Book_2022.pdf
exports,major_groups,2018-19,Manufactured goods classified chiefly by material,1210782.696,8896.926269380558,136.09,million PKR,million USD,https://www.pbs.gov.pk/wp-content/uploads/2020/07/Pakistan_Statistical_Year_Book_2022.pdf
exports,major_groups,2018-19,"Mineral fuels, lubricants and related materials",64317.085,472.60698802263204,136.09,million PKR,million USD,https://www.pbs.gov.pk/wp-content/uploads/2020/07/Pakistan_Statistical_Year_Book_2022.pdf
exports,major_groups,2018-19,Miscellaneous manufactured articles,964011.659,7083.633323535895,136.09,million PKR,million USD,https://www.pbs.gov.pk/wp-content/uploads/2020/07/Pakistan_Statistical_Year_Book_2022.pdf
exports,major_groups,2019-20,Animal and vegetable oils and fats,5364.134,33.944844170226226,158.025,million PKR,million USD,https://www.pbs.gov.pk/wp-content/uploads/2020/07/Pakistan_Statistical_Year_Book_2022.pdf
exports,major_groups,2019-20,Beverages and tobacco,6830.791,43.226014871064706,158.025,million PKR,million USD,https://www.pbs.gov.pk/wp-content/uploads/2020/07/Pakistan_Statistical_Year_Book_2022.pdf
exports,major_groups,2019-20,Chemicals,159786.635,1011.1478247112799,158.025,million PKR,million USD,https://www.pbs.gov.pk/wp-content/uploads/2020/07/Pakistan_Statistical_Year_Book_2022.pdf
exports,major_groups,2019-20,Commodities and transactions not classified according to kind,175.142,1.1083183040658122,158.025,million PKR,million USD,https://www.pbs.gov.pk/wp-content/uploads/2020/07/Pakistan_Statistical_Year_Book_2022.pdf
exports,major_groups,2019-20,"Crude materials inedible, except fuels",99365.185,628.7940832146812,158.025,million PKR,million USD,https://www.pbs.gov.pk/wp-content/uploads/2020/07/Pakistan_Statistical_Year_Book_2022.pdf
exports,major_groups,2019-20,Food and live animals,673379.73,4261.222781205505,158.025,million PKR,million USD,https://www.pbs.gov.pk/wp-content/uploads/2020/07/Pakistan_Statistical_Year_Book_2022.pdf
exports,major_groups,2019-20,Machinery and transport equipment,27028.817,171.04139851289352,158.025,million PKR,million USD,https://www.pbs.gov.pk/wp-content/uploads/2020/07/Pakistan_Statistical_Year_Book_2022.pdf
exports,major_groups,2019-20,Manufactured goods classified chiefly by material,1288618.757,8154.524644834678,158.025,million PKR,million USD,https://www.pbs.gov.pk/wp-content/uploads/2020/07/Pakistan_Statistical_Year_Book_2022.pdf
exports,major_groups,2019-20,"Mineral fuels, lubricants and related materials",42564.569,269.35338712229077,158.025,million PKR,million USD,https://www.pbs.gov.pk/wp-content/uploads/2020/07/Pakistan_Statistical_Year_Book_2022.pdf
exports,major_groups,2019-20,Miscellaneous manufactured articles,1066668.197,6749.996500553709,158.025,million PKR,million USD,https://www.pbs.gov.pk/wp-content/uploads/2020/07/Pakistan_Statistical_Year_Book_2022.pdf
imports,major_groups,2010-11,Animal and vegetable oils and fats,190133.699,2223.7417384683577,85.5017,million PKR,million USD,https://www.pbs.gov.pk/wp-content/uploads/2020/07/Pakistan_Statistical_Year_Book_2022.pdf
imports,major_groups,2010-11,Beverages and tobacco,2285.398,26.729269710426813,85.5017,million PKR,million USD,https://www.pbs.gov.pk/wp-content/uploads/2020/07/Pakistan_Statistical_Year_Book_2022.pdf
imports,major_groups,2010-11,Chemicals,528988.916,6186.881851471959,85.5017,million PKR,million USD,https://www.pbs.gov.pk/wp-content/uploads/2020/07/Pakistan_Statistical_Year_Book_2022.pdf
imports,major_groups,2010-11,Commodities and transactions not classified according to kind,30891.294,361.2945005771815,85.5017,million PKR,million USD,https://www.pbs.gov.pk/wp-content/uploads/2020/07/Pakistan_Statistical_Year_Book_2022.pdf
imports,major_groups,2010-11,"Crude materials inedible, except fuels",294185.914,3440.7025123477074,85.5017,million PKR,million USD,https://www.pbs.gov.pk/wp-content/uploads/2020/07/Pakistan_Statistical_Year_Book_2022.pdf
imports,major_groups,2010-11,Food and live animals,214132.351,2504.422145992419,85.5017,million PKR,million USD,https://www.pbs.gov.pk/wp-content/uploads/2020/07/Pakistan_Statistical_Year_Book_2022.pdf
imports,major_groups,2010-11,Machinery and transport equipment,639388.957,7478.084728139909,85.5017,million PKR,million USD,https://www.pbs.gov.pk/wp-content/uploads/2020/07/Pakistan_Statistical_Year_Book_2022.pdf
imports,major_groups,2010-11,Manufactured goods classified chiefly by material,369322.198,4319.471987106689,85.5017,million PKR,million USD,https://www.pbs.gov.pk/wp-content/uploads/2020/07/Pakistan_Statistical_Year_Book_2022.pdf
imports,major_groups,2010-11,"Mineral fuels, lubricants and related materials",1084764.699,12687.054163835339,85.5017,million PKR,million USD,https://www.pbs.gov.pk/wp-content/uploads/2020/07/Pakistan_Statistical_Year_Book_2022.pdf
imports,major_groups,2010-11,Miscellaneous manufactured articles,101192.202,1183.5109945182378,85.5017,million PKR,million USD,https://www.pbs.gov.pk/wp-content/uploads/2020/07/Pakistan_Statistical_Year_Book_2022.pdf
imports,major_groups,2011-12,Animal and vegetable oils and fats,228731.351,2563.221203573898,89.2359,million PKR,million USD,https://www.pbs.gov.pk/wp-content/uploads/2020/07/Pakistan_Statistical_Year_Book_2022.pdf
imports,major_groups,2011-12,Beverages and tobacco,2383.043,26.70498084291188,89.2359,million PKR,million USD,https://www.pbs.gov.pk/wp-content/uploads/2020/07/Pakistan_Statistical_Year_Book_2022.pdf
imports,major_groups,2011-12,Chemicals,637823.693,7147.613157933074,89.2359,million PKR,million USD,https://www.pbs.gov.pk/wp-content/uploads/2020/07/Pakistan_Statistical_Year_Book_2022.pdf
imports,major_groups,2011-12,Commodities and transactions not classified according to kind,57678.917,646.3644900763034,89.2359,million PKR,million USD,https://www.pbs.gov.pk/wp-content/uploads/2020/07/Pakistan_Statistical_Year_Book_2022.pdf
imports,major_groups,2011-12,"Crude materials inedible, except fuels",274468.6,3075.764350446401,89.2359,million PKR,million USD,https://www.pbs.gov.pk/wp-content/uploads/2020/07/Pakistan_Statistical_Year_Book_2022.pdf
imports,major_groups,2011-12,Food and live animals,179555.55,2012.1447758133215,89.2359,million PKR,million USD,https://www.pbs.gov.pk/wp-content/uploads/2020/07/Pakistan_Statistical_Year_Book_2022.pdf
imports,major_groups,2011-12,Machinery and transport equipment,699993.875,7844.307896261482,89.2359,million PKR,million USD,https://www.pbs.gov.pk/wp-content/uploads/2020/07/Pakistan_Statistical_Year_Book_2022.pdf
imports,major_groups,2011-12,Manufactured goods classified chiefly by material,402498.601,4510.500829822975,89.2359,million PKR,million USD,https://www.pbs.gov.pk/wp-content/uploads/2020/07/Pakistan_Statistical_Year_Book_2022.pdf
imports,major_groups,2011-12,"Mineral fuels, lubricants and related materials",1420173.559,15914.82305888101,89.2359,million PKR,million USD,https://www.pbs.gov.pk/wp-content/uploads/2020/07/Pakistan_Statistical_Year_Book_2022.pdf
imports,major_groups,2011-12,Miscellaneous manufactured articles,105785.852,1185.4629358811867,89.2359,million PKR,million USD,https://www.pbs.gov.pk/wp-content/uploads/2020/07/Pakistan_Statistical_Year_Book_2022.pdf
imports,major_groups,2012-13,Animal and vegetable oils and fats,205311.017,2122.5778994946613,96.7272,million PKR,million USD,https://www.pbs.gov.pk/wp-content/uploads/2020/07/Pakistan_Statistical_Year_Book_2022.pdf
imports,major_groups,2012-13,Beverages and tobacco,2124.192,21.96064809071285,96.7272,million PKR,million USD,https://www.pbs.gov.pk/wp-content/uploads/2020/07/Pakistan_Statistical_Year_Book_2022.pdf
imports,major_groups,2012-13,Chemicals,621466.002,6424.935302582934,96.7272,million PKR,million USD,https://www.pbs.gov.pk/wp-content/uploads/2020/07/Pakistan_Statistical_Year_Book_2022.pdf
imports,major_groups,2012-13,Commodities and transactions not classified according to kind,115904.747,1198.264262792679,96.7272,million PKR,million USD,https://www.pbs.gov.pk/wp-content/uploads/2020/07/Pakistan_Statistical_Year_Book_2022.pdf
imports,major_groups,2012-13,"Crude materials inedible, except fuels",314900.528,3255.5530192127962,96.7272,million PKR,million USD,https://www.pbs.gov.pk/wp-content/uploads/2020/07/Pakistan_Statistical_Year_Book_2022.pdf
imports,major_groups,2012-13,Food and live animals,190555.395,1970.029061112076,96.7272,million PKR,million USD,https://www.pbs.gov.pk/wp-content/uploads/2020/07/Pakistan_Statistical_Year_Book_2022.pdf
imports,major_groups,2012-13,Machinery and transport equipment,783966.304,8104.920890917963,96.7272,million PKR,million USD,https://www.pbs.gov.pk/wp-content/uploads/2020/07/Pakistan_Statistical_Year_Book_2022.pdf
imports,major_groups,2012-13,Manufactured goods classified chiefly by material,444919.912,4599.739390781497,96.7272,million PKR,million USD,https://www.pbs.gov.pk/wp-content/uploads/2020/07/Pakistan_Statistical_Year_Book_2022.pdf
imports,major_groups,2012-13,"Mineral fuels, lubricants and related materials",1504033.971,15549.235075552688,96.7272,million PKR,million USD,https://www.pbs.gov.pk/wp-content/uploads/2020/07/Pakistan_Statistical_Year_Book_2022.pdf
imports,major_groups,2012-13,Miscellaneous manufactured articles,166697.476,1723.3774574266597,96.7272,million PKR,million USD,https://www.pbs.gov.pk/wp-content/uploads/2020/07/Pakistan_Statistical_Year_Book_2022.pdf
imports,major_groups,2013-14,Animal and vegetable oils and fats,213427.597,2074.951044681511,102.8591,million PKR,million USD,https://www.pbs.gov.pk/wp-content/uploads/2020/07/Pakistan_Statistical_Year_Book_2022.pdf
imports,major_groups,2013-14,Beverages and tobacco,2427.072,23.596084352283853,102.8591,million PKR,million USD,https://www.pbs.gov.pk/wp-content/uploads/2020/07/Pakistan_Statistical_Year_Book_2022.pdf
imports,major_groups,2013-14,Chemicals,691397.669,6721.793881144206,102.8591,million PKR,million USD,https://www.pbs.gov.pk/wp-content/uploads/2020/07/Pakistan_Statistical_Year_Book_2022.pdf
imports,major_groups,2013-14,Commodities and transactions not classified according to kind,41673.113,405.1475562201108,102.8591,million PKR,million USD,https://www.pbs.gov.pk/wp-content/uploads/2020/07/Pakistan_Statistical_Year_Book_2022.pdf
imports,major_groups,2013-14,"Crude materials inedible, except fuels",318647.186,3097.8998066286795,102.8591,million PKR,million USD,https://www.pbs.gov.pk/wp-content/uploads/2020/07/Pakistan_Statistical_Year_Book_2022.pdf
imports,major_groups,2013-14,Food and live animals,221052.879,2149.0843202011292,102.8591,million PKR,million USD,https://www.pbs.gov.pk/wp-content/uploads/2020/07/Pakistan_Statistical_Year_Book_2022.pdf
imports,major_groups,2013-14,Machinery and transport equipment,886479.258,8618.384352964395,102.8591,million PKR,million USD,https://www.pbs.gov.pk/wp-content/uploads/2020/07/Pakistan_Statistical_Year_Book_2022.pdf
imports,major_groups,2013-14,Manufactured goods classified chiefly by material,496850.918,4830.403124273886,102.8591,million PKR,million USD,https://www.pbs.gov.pk/wp-content/uploads/2020/07/Pakistan_Statistical_Year_Book_2022.pdf
imports,major_groups,2013-14,"Mineral fuels, lubricants and related materials",1570968.048,15273.009855229144,102.8591,million PKR,million USD,https://www.pbs.gov.pk/wp-content/uploads/2020/07/Pakistan_Statistical_Year_Book_2022.pdf
imports,major_groups,2013-14,Miscellaneous manufactured articles,187597.053,1823.825534153031,102.8591,million PKR,million USD,https://www.pbs.gov.pk/wp-content/uploads/2020/07/Pakistan_Statistical_Year_Book_2022.pdf
imports,major_groups,2014-15,Animal and vegetable oils and fats,193222.021,1907.5235032040175,101.2947,million PKR,million USD,https://www.pbs.gov.pk/wp-content/uploads/2020/07/Pakistan_Statistical_Year_Book_2022.pdf
imports,major_groups,2014-15,Beverages and tobacco,2298.156,22.687820784305593,101.2947,million PKR,million USD,https://www.pbs.gov.pk/wp-content/uploads/2020/07/Pakistan_Statistical_Year_Book_2022.pdf
imports,major_groups,2014-15,Chemicals,761241.597,7515.1177406122915,101.2947,million PKR,million USD,https://www.pbs.gov.pk/wp-content/uploads/2020/07/Pakistan_Statistical_Year_Book_2022.pdf
imports,major_groups,2014-15,Commodities and transactions not classified according to kind,3224.901,31.836818708185124,101.2947,million PKR,million USD,https://www.pbs.gov.pk/wp-content/uploads/2020/07/Pakistan_Statistical_Year_Book_2022.pdf
imports,major_groups,2014-15,"Crude materials inedible, except fuels",375200.436,3704.0480498979705,101.2947,million PKR,million USD,https://www.pbs.gov.pk/wp-content/uploads/2020/07/Pakistan_Statistical_Year_Book_2022.pdf
imports,major_groups,2014-15,Food and live animals,280008.343,2764.2941141046863,101.2947,million PKR,million USD,https://www.pbs.gov.pk/wp-content/uploads/2020/07/Pakistan_Statistical_Year_Book_2022.pdf
imports,major_groups,2014-15,Machinery and transport equipment,1019546.833,10065.154771177564,101.2947,million PKR,million USD,https://www.pbs.gov.pk/wp-content/uploads/2020/07/Pakistan_Statistical_Year_Book_2022.pdf
imports,major_groups,2014-15,Manufactured goods classified chiefly by material,571607.24,5643.01231949944,101.2947,million PKR,million USD,https://www.pbs.gov.pk/wp-content/uploads/2020/07/Pakistan_Statistical_Year_Book_2022.pdf
imports,major_groups,2014-15,"Mineral fuels, lubricants and related materials",1274835.849,12585.415120435717,101.2947,million PKR,million USD,https://www.pbs.gov.pk/wp-content/uploads/2020/07/Pakistan_Statistical_Year_Book_2022.pdf
imports,major_groups,2014-15,Miscellaneous manufactured articles,162966.272,1608.8331571148342,101.2947,million PKR,million USD,https://www.pbs.gov.pk/wp-content/uploads/2020/07/Pakistan_Statistical_Year_Book_2022.pdf
imports,major_groups,2015-16,Animal and vegetable oils and fats,201551.054,1933.6216625893414,104.235,million PKR,million USD,https://www.pbs.gov.pk/wp-content/uploads/2020/07/Pakistan_Statistical_Year_Book_2022.pdf
imports,major_groups,2015-16,Beverages and tobacco,2275.916,21.834470187556963,104.235,million PKR,million USD,https://www.pbs.gov.pk/wp-content/uploads/2020/07/Pakistan_Statistical_Year_Book_2022.pdf
imports,major_groups,2015-16,Chemicals,755705.321,7250.015071712956,104.235,million PKR,million USD,https://www.pbs.gov.pk/wp-content/uploads/2020/07/Pakistan_Statistical_Year_Book_2022.pdf
imports,major_groups,2015-16,"Crude materials inedible, except fuels",432970.175,4153.788794550775,104.235,million PKR,million USD,https://www.pbs.gov.pk/wp-content/uploads/2020/07/Pakistan_Statistical_Year_Book_2022.pdf
imports,major_groups,2015-16,Food and live animals,306098.931,2936.623312706864,104.235,million PKR,million USD,https://www.pbs.gov.pk/wp-content/uploads/2020/07/Pakistan_Statistical_Year_Book_2022.pdf
imports,major_groups,2015-16,Machinery and transport equipment,1197363.416,11487.153221086966,104.235,million PKR,million USD,https://www.pbs.gov.pk/wp-content/uploads/2020/07/Pakistan_Statistical_Year_Book_2022.pdf
imports,major_groups,2015-16,Manufactured goods classified chiefly by material,661098.83,6342.388161366143,104.235,million PKR,million USD,https://www.pbs.gov.pk/wp-content/uploads/2020/07/Pakistan_Statistical_Year_Book_2022.pdf
imports,major_groups,2015-16,"Mineral fuels, lubricants and related materials",927236.985,8895.639516477191,104.235,million PKR,million USD,https://www.pbs.gov.pk/wp-content/uploads/2020/07/Pakistan_Statistical_Year_Book_2022.pdf
imports,major_groups,2015-16,Miscellaneous manufactured articles,162573.181,1559.6793879215236,104.235,million PKR,million USD,https://www.pbs.gov.pk/wp-content/uploads/2020/07/Pakistan_Statistical_Year_Book_2022.pdf
imports,major_groups,2016-17,Animal and vegetable oils and fats,221074.056,2111.5605604745124,104.697,million PKR,million USD,https://www.pbs.gov.pk/wp-content/uploads/2020/07/Pakistan_Statistical_Year_Book_2022.pdf
imports,major_groups,2016-17,Beverages and tobacco,2432.058,23.229490816355767,104.697,million PKR,million USD,https://www.pbs.gov.pk/wp-content/uploads/2020/07/Pakistan_Statistical_Year_Book_2022.pdf
imports,major_groups,2016-17,Chemicals,796180.561,7604.616760747681,104.697,million PKR,million USD,https://www.pbs.gov.pk/wp-content/uploads/2020/07/Pakistan_Statistical_Year_Book_2022.pdf
imports,major_groups,2016-17,"Crude materials inedible, except fuels",468629.247,4476.052293761999,104.697,million PKR,million USD,https://www.pbs.gov.pk/wp-content/uploads/2020/07/Pakistan_Statistical_Year_Book_2022.pdf
imports,major_groups,2016-17,Food and live animals,332265.739,3173.5936941841696,104.697,million PKR,million USD,https://www.pbs.gov.pk/wp-content/uploads/2020/07/Pakistan_Statistical_Year_Book_2022.pdf
imports,major_groups,2016-17,Machinery and transport equipment,1574184.444,15035.621307200778,104.697,million PKR,million USD,https://www.pbs.gov.pk/wp-content/uploads/2020/07/Pakistan_Statistical_Year_Book_2022.pdf
imports,major_groups,2016-17,Manufactured goods classified chiefly by material,718013.5,6858.014078722408,104.697,million PKR,million USD,https://www.pbs.gov.pk/wp-content/uploads/2020/07/Pakistan_Statistical_Year_Book_2022.pdf
imports,major_groups,2016-17,"Mineral fuels, lubricants and related materials",1237043.728,11815.464893932012,104.697,million PKR,million USD,https://www.pbs.gov.pk/wp-content/uploads/2020/07/Pakistan_Statistical_Year_Book_2022.pdf
imports,major_groups,2016-17,Miscellaneous manufactured articles,184353.566,1760.8294984574534,104.697,million PKR,million USD,https://www.pbs.gov.pk/wp-content/uploads/2020/07/Pakistan_Statistical_Year_Book_2022.pdf
imports,major_groups,2017-18,Animal and vegetable oils and fats,248760.525,2264.6710334656423,109.844,million PKR,million USD,https://www.pbs.gov.pk/wp-content/uploads/2020/07/Pakistan_Statistical_Year_Book_2022.pdf
imports,major_groups,2017-18,Beverages and tobacco,2395.256,21.805979388951602,109.844,million PKR,million USD,https://www.pbs.gov.pk/wp-content/uploads/2020/07/Pakistan_Statistical_Year_Book_2022.pdf
imports,major_groups,2017-18,Chemicals,983359.586,8952.32862969302,109.844,million PKR,million USD,https://www.pbs.gov.pk/wp-content/uploads/2020/07/Pakistan_Statistical_Year_Book_2022.pdf
imports,major_groups,2017-18,"Crude materials inedible, except fuels",643702.517,5860.1518244055205,109.844,million PKR,million USD,https://www.pbs.gov.pk/wp-content/uploads/2020/07/Pakistan_Statistical_Year_Book_2022.pdf
imports,major_groups,2017-18,Food and live animals,282117.989,2568.3513801391064,109.844,million PKR,million USD,https://www.pbs.gov.pk/wp-content/uploads/2020/07/Pakistan_Statistical_Year_Book_2022.pdf
imports,major_groups,2017-18,Machinery and transport equipment,1742793.02,15866.073886602819,109.844,million PKR,million USD,https://www.pbs.gov.pk/wp-content/uploads/2020/07/Pakistan_Statistical_Year_Book_2022.pdf
imports,major_groups,2017-18,Manufactured goods classified chiefly by material,805859.784,7336.402388842359,109.844,million PKR,million USD,https://www.pbs.gov.pk/wp-content/uploads/2020/07/Pakistan_Statistical_Year_Book_2022.pdf
imports,major_groups,2017-18,"Mineral fuels, lubricants and related materials",1754675.136,15974.246531444594,109.844,million PKR,million USD,https://www.pbs.gov.pk/wp-content/uploads/2020/07/Pakistan_Statistical_Year_Book_2022.pdf
imports,major_groups,2017-18,Miscellaneous manufactured articles,224024.162,2039.4756381777795,109.844,million PKR,million USD,https://www.pbs.gov.pk/wp-content/uploads/2020/07/Pakistan_Statistical_Year_Book_2022.pdf
imports,major_groups,2018-19,Animal and vegetable oils and fats,275945.71,2027.6707326034243,136.09,million PKR,million USD,https://www.pbs.gov.pk/wp-content/uploads/2020/07/Pakistan_Statistical_Year_Book_2022.pdf
imports,major_groups,2018-19,Beverages and tobacco,3772.021,27.71710632669557,136.09,million PKR,million USD,https://www.pbs.gov.pk/wp-content/uploads/2020/07/Pakistan_Statistical_Year_Book_2022.pdf
imports,major_groups,2018-19,Chemicals,1191281.552,8753.630332867953,136.09,million PKR,million USD,https://www.pbs.gov.pk/wp-content/uploads/2020/07/Pakistan_Statistical_Year_Book_2022.pdf
imports,major_groups,2018-19,"Crude materials inedible, except fuels",723541.583,5316.640333602762,136.09,million PKR,million USD,https://www.pbs.gov.pk/wp-content/uploads/2020/07/Pakistan_Statistical_Year_Book_2022.pdf
imports,major_groups,2018-19,Food and live animals,322688.874,2371.1431699610553,136.09,million PKR,million USD,https://www.pbs.gov.pk/wp-content/uploads/2020/07/Pakistan_Statistical_Year_Book_2022.pdf
imports,major_groups,2018-19,Machinery and transport equipment,1619694.304,11901.640855316335,136.09,million PKR,million USD,https://www.pbs.gov.pk/wp-content/uploads/2020/07/Pakistan_Statistical_Year_Book_2022.pdf
imports,major_groups,2018-19,Manufactured goods classified chiefly by material,867941.07,6377.699096186347,136.09,million PKR,million USD,https://www.pbs.gov.pk/wp-content/uploads/2020/07/Pakistan_Statistical_Year_Book_2022.pdf
imports,major_groups,2018-19,"Mineral fuels, lubricants and related materials",2176509.328,15993.16134910721,136.09,million PKR,million USD,https://www.pbs.gov.pk/wp-content/uploads/2020/07/Pakistan_Statistical_Year_Book_2022.pdf
imports,major_groups,2018-19,Miscellaneous manufactured articles,240647.389,1768.2958997722094,136.09,million PKR,million USD,https://www.pbs.gov.pk/wp-content/uploads/2020/07/Pakistan_Statistical_Year_Book_2022.pdf
imports,major_groups,2019-20,Animal and vegetable oils and fats,307238.926,1944.242531245056,158.025,million PKR,million USD,https://www.pbs.gov.pk/wp-content/uploads/2020/07/Pakistan_Statistical_Year_Book_2022.pdf
imports,major_groups,2019-20,Beverages and tobacco,4447.436,28.143875968992244,158.025,million PKR,million USD,https://www.pbs.gov.pk/wp-content/uploads/2020/07/Pakistan_Statistical_Year_Book_2022.pdf
imports,major_groups,2019-20,Chemicals,1164828.034,7371.163005853504,158.025,million PKR,million USD,https://www.pbs.gov.pk/wp-content/uploads/2020/07/Pakistan_Statistical_Year_Book_2022.pdf
imports,major_groups,2019-20,"Crude materials inedible, except fuels",800294.86,5064.356019617149,158.025,million PKR,million USD,https://www.pbs.gov.pk/wp-content/uploads/2020/07/Pakistan_Statistical_Year_Book_2022.pdf
imports,major_groups,2019-20,Food and live animals,371418.215,2350.3763012181616,158.025,million PKR,million USD,https://www.pbs.gov.pk/wp-content/uploads/2020/07/Pakistan_Statistical_Year_Book_2022.pdf
imports,major_groups,2019-20,Machinery and transport equipment,1620646.908,10255.636184148078,158.025,million PKR,million USD,https://www.pbs.gov.pk/wp-content/uploads/2020/07/Pakistan_Statistical_Year_Book_2022.pdf
imports,major_groups,2019-20,Manufactured goods classified chiefly by material,695871.389,4403.552532827084,158.025,million PKR,million USD,https://www.pbs.gov.pk/wp-content/uploads/2020/07/Pakistan_Statistical_Year_Book_2022.pdf
imports,major_groups,2019-20,"Mineral fuels, lubricants and related materials",1851524.9,11716.658123714602,158.025,million PKR,million USD,https://www.pbs.gov.pk/wp-content/uploads/2020/07/Pakistan_Statistical_Year_Book_2022.pdf
imports,major_groups,2019-20,Miscellaneous manufactured articles,206370.097,1305.9332194273059,158.025,million PKR,million USD,https://www.pbs.gov.pk/wp-content/uploads/2020/07/Pakistan_Statistical_Year_Book_2022.pdf
exports,selected_commodities,2020-21,Bed-wear,443286.1,2770.1572283810974,160.022,million PKR,million USD,https://www.pbs.gov.pk/wp-content/uploads/2020/07/14.02-13.pdf
exports,selected_commodities,2020-21,Cotton Fabrics,307157.5,1919.4704478134258,160.022,million PKR,million USD,https://www.pbs.gov.pk/wp-content/uploads/2020/07/14.02-13.pdf
exports,selected_commodities,2020-21,Cotton Yarn and Thread,162540.7,1015.7397107897665,160.022,million PKR,million USD,https://www.pbs.gov.pk/wp-content/uploads/2020/07/14.02-13.pdf
exports,selected_commodities,2020-21,Fish & Fish preparations,66040.2,412.6945045056305,160.022,million PKR,million USD,https://www.pbs.gov.pk/wp-content/uploads/2020/07/14.02-13.pdf
exports,selected_commodities,2020-21,Fruits & Vegetables,127648.3,797.6921923235556,160.022,million PKR,million USD,https://www.pbs.gov.pk/wp-content/uploads/2020/07/14.02-13.pdf
exports,selected_commodities,2020-21,Knitwear,609576.0,3809.326217645074,160.022,million PKR,million USD,https://www.pbs.gov.pk/wp-content/uploads/2020/07/14.02-13.pdf
exports,selected_commodities,2020-21,Leather,25790.9,161.17096399245105,160.022,million PKR,million USD,https://www.pbs.gov.pk/wp-content/uploads/2020/07/14.02-13.pdf
exports,selected_commodities,2020-21,Raw Cotton,131.0,0.818637437352364,160.022,million PKR,million USD,https://www.pbs.gov.pk/wp-content/uploads/2020/07/14.02-13.pdf
exports,selected_commodities,2020-21,Rice,325585.0,2034.626488857782,160.022,million PKR,million USD,https://www.pbs.gov.pk/wp-content/uploads/2020/07/14.02-13.pdf
exports,selected_commodities,2020-21,Sports goods,44443.0,277.7305620477185,160.022,million PKR,million USD,https://www.pbs.gov.pk/wp-content/uploads/2020/07/14.02-13.pdf
exports,selected_commodities,2020-21,Woolen Carpet & Rugs,11604.2,72.5162790116359,160.022,million PKR,million USD,https://www.pbs.gov.pk/wp-content/uploads/2020/07/14.02-13.pdf
exports,selected_commodities,2021-22,Bed-wear,584810.8,3295.6185087714357,177.451,million PKR,million USD,https://www.pbs.gov.pk/wp-content/uploads/2020/07/14.02-13.pdf
exports,selected_commodities,2021-22,Cotton Fabrics,433902.3,2445.1950115806617,177.451,million PKR,million USD,https://www.pbs.gov.pk/wp-content/uploads/2020/07/14.02-13.pdf
exports,selected_commodities,2021-22,Cotton Yarn and Thread,215681.7,1215.4436999509726,177.451,million PKR,million USD,https://www.pbs.gov.pk/wp-content/uploads/2020/07/14.02-13.pdf
exports,selected_commodities,2021-22,Fish & Fish preparations,77385.9,436.09728882902886,177.451,million PKR,million USD,https://www.pbs.gov.pk/wp-content/uploads/2020/07/14.02-13.pdf
exports,selected_commodities,2021-22,Fruits & Vegetables,139434.7,785.7645209099978,177.451,million PKR,million USD,https://www.pbs.gov.pk/wp-content/uploads/2020/07/14.02-13.pdf
exports,selected_commodities,2021-22,Knitwear,912042.0,5139.683630974185,177.451,million PKR,million USD,https://www.pbs.gov.pk/wp-content/uploads/2020/07/14.02-13.pdf
exports,selected_commodities,2021-22,Leather,37042.8,208.74945759674503,177.451,million PKR,million USD,https://www.pbs.gov.pk/wp-content/uploads/2020/07/14.02-13.pdf
exports,selected_commodities,2021-22,Raw Cotton,1160.1,6.537579388112775,177.451,million PKR,million USD,https://www.pbs.gov.pk/wp-content/uploads/2020/07/14.02-13.pdf
exports,selected_commodities,2021-22,Rice,450159.3,2536.8090346067365,177.451,million PKR,million USD,https://www.pbs.gov.pk/wp-content/uploads/2020/07/14.02-13.pdf
exports,selected_commodities,2021-22,Sports goods,65191.0,367.3746555387121,177.451,million PKR,million USD,https://www.pbs.gov.pk/wp-content/uploads/2020/07/14.02-13.pdf
exports,selected_commodities,2021-22,Woolen Carpet & Rugs,14594.1,82.24298538751543,177.451,million PKR,million USD,https://www.pbs.gov.pk/wp-content/uploads/2020/07/14.02-13.pdf
exports,selected_commodities,2022-23,Bed-wear,664016.6,2677.0653002148856,248.039,million PKR,million USD,https://www.pbs.gov.pk/wp-content/uploads/2020/07/14.02-13.pdf
exports,selected_commodities,2022-23,Cotton Fabrics,499034.9,2011.9211091804113,248.039,million PKR,million USD,https://www.pbs.gov.pk/wp-content/uploads/2020/07/14.02-13.pdf
exports,selected_commodities,2022-23,Cotton Yarn and Thread,213997.0,862.755453779446,248.039,million PKR,million USD,https://www.pbs.gov.pk/wp-content/uploads/2020/07/14.02-13.pdf
exports,selected_commodities,2022-23,Fish & Fish preparations,124913.7,503.60507823366487,248.039,million PKR,million USD,https://www.pbs.gov.pk/wp-content/uploads/2020/07/14.02-13.pdf
exports,selected_commodities,2022-23,Fruits & Vegetables,143399.3,578.1320679409287,248.039,million PKR,million USD,https://www.pbs.gov.pk/wp-content/uploads/2020/07/14.02-13.pdf
exports,selected_commodities,2022-23,Knitwear,1088860.3,4389.875382500333,248.039,million PKR,million USD,https://www.pbs.gov.pk/wp-content/uploads/2020/07/14.02-13.pdf
exports,selected_commodities,2022-23,Leather,41368.5,166.78223988969478,248.039,million PKR,million USD,https://www.pbs.gov.pk/wp-content/uploads/2020/07/14.02-13.pdf
exports,selected_commodities,2022-23,Raw Cotton,3063.8,12.352089792331046,248.039,million PKR,million USD,https://www.pbs.gov.pk/wp-content/uploads/2020/07/14.02-13.pdf
exports,selected_commodities,2022-23,Rice,541166.3,2181.7790750648087,248.039,million PKR,million USD,https://www.pbs.gov.pk/wp-content/uploads/2020/07/14.02-13.pdf
exports,selected_commodities,2022-23,Sports goods,100178.8,403.8832602937442,248.039,million PKR,million USD,https://www.pbs.gov.pk/wp-content/uploads/2020/07/14.02-13.pdf
exports,selected_commodities,2022-23,Woolen Carpet & Rugs,17668.7,71.23355601336887,248.039,million PKR,million USD,https://www.pbs.gov.pk/wp-content/uploads/2020/07/14.02-13.pdf
exports,selected_commodities,2023-24,Bed-wear,792918.6,2802.842720697919,282.898,million PKR,million USD,https://www.pbs.gov.pk/wp-content/uploads/2020/07/14.02-13.pdf
exports,selected_commodities,2023-24,Cotton Fabrics,528142.3,1866.900084129262,282.898,million PKR,million USD,https://www.pbs.gov.pk/wp-content/uploads/2020/07/14.02-13.pdf
exports,selected_commodities,2023-24,Cotton Yarn and Thread,272631.8,963.710595338249,282.898,million PKR,million USD,https://www.pbs.gov.pk/wp-content/uploads/2020/07/14.02-13.pdf
exports,selected_commodities,2023-24,Fish & Fish preparations,116040.6,410.18529646727796,282.898,million PKR,million USD,https://www.pbs.gov.pk/wp-content/uploads/2020/07/14.02-13.pdf
exports,selected_commodities,2023-24,Fruits & Vegetables,218129.5,771.0535245919023,282.898,million PKR,million USD,https://www.pbs.gov.pk/wp-content/uploads/2020/07/14.02-13.pdf
exports,selected_commodities,2023-24,Knitwear,1246870.2,4407.490332204539,282.898,million PKR,million USD,https://www.pbs.gov.pk/wp-content/uploads/2020/07/14.02-13.pdf
exports,selected_commodities,2023-24,Leather,38914.1,137.55523192104573,282.898,million PKR,million USD,https://www.pbs.gov.pk/wp-content/uploads/2020/07/14.02-13.pdf
exports,selected_commodities,2023-24,Raw Cotton,15944.4,56.36094988299669,282.898,million PKR,million USD,https://www.pbs.gov.pk/wp-content/uploads/2020/07/14.02-13.pdf
exports,selected_commodities,2023-24,Rice,1107322.9,3914.2125430367123,282.898,million PKR,million USD,https://www.pbs.gov.pk/wp-content/uploads/2020/07/14.02-13.pdf
exports,selected_commodities,2023-24,Sports goods,112063.7,396.12757955164045,282.898,million PKR,million USD,https://www.pbs.gov.pk/wp-content/uploads/2020/07/14.02-13.pdf
exports,selected_commodities,2023-24,Woolen Carpet & Rugs,16628.8,58.78019639587412,282.898,million PKR,million USD,https://www.pbs.gov.pk/wp-content/uploads/2020/07/14.02-13.pdf
exports,selected_commodities,2024-25,Bed-wear,869505.8,3121.7223032017637,278.534,million PKR,million USD,https://www.pbs.gov.pk/wp-content/uploads/2020/07/14.02-13.pdf
exports,selected_commodities,2024-25,Cotton Fabrics,505101.6,1813.4288812137836,278.534,million PKR,million USD,https://www.pbs.gov.pk/wp-content/uploads/2020/07/14.02-13.pdf
exports,selected_commodities,2024-25,Cotton Yarn and Thread,190873.5,685.2789964600372,278.534,million PKR,million USD,https://www.pbs.gov.pk/wp-content/uploads/2020/07/14.02-13.pdf
exports,selected_commodities,2024-25,Fish & Fish preparations,130098.6,467.083372227448,278.534,million PKR,million USD,https://www.pbs.gov.pk/wp-content/uploads/2020/07/14.02-13.pdf
exports,selected_commodities,2024-25,Fruits & Vegetables,188766.9,677.7158264341158,278.534,million PKR,million USD,https://www.pbs.gov.pk/wp-content/uploads/2020/07/14.02-13.pdf
exports,selected_commodities,2024-25,Knitwear,1399579.6,5024.807025354176,278.534,million PKR,million USD,https://www.pbs.gov.pk/wp-content/uploads/2020/07/14.02-13.pdf
exports,selected_commodities,2024-25,Leather,38611.0,138.6222148822047,278.534,million PKR,million USD,https://www.pbs.gov.pk/wp-content/uploads/2020/07/14.02-13.pdf
exports,selected_commodities,2024-25,Raw Cotton,242.5,0.8706297974394509,278.534,million PKR,million USD,https://www.pbs.gov.pk/wp-content/uploads/2020/07/14.02-13.pdf
exports,selected_commodities,2024-25,Rice,935613.4,3359.0635254582926,278.534,million PKR,million USD,https://www.pbs.gov.pk/wp-content/uploads/2020/07/14.02-13.pdf
exports,selected_commodities,2024-25,Sports goods,107721.9,386.74596279089803,278.534,million PKR,million USD,https://www.pbs.gov.pk/wp-content/uploads/2020/07/14.02-13.pdf
exports,selected_commodities,2024-25,Woolen Carpet & Rugs,15729.2,56.47138230880252,278.534,million PKR,million USD,https://www.pbs.gov.pk/wp-content/uploads/2020/07/14.02-13.pdf
imports,selected_commodities,2020-21,Animal or Vegetable oils & fats,450502.8,2815.2554023821726,160.022,million PKR,million USD,https://www.pbs.gov.pk/wp-content/uploads/2020/07/14.03-13.pdf
imports,selected_commodities,2020-21,Chemicals,1486403.8,9288.74654734974,160.022,million PKR,million USD,https://www.pbs.gov.pk/wp-content/uploads/2020/07/14.03-13.pdf
imports,selected_commodities,2020-21,Food and Live animals,617689.9,3860.031120720901,160.022,million PKR,million USD,https://www.pbs.gov.pk/wp-content/uploads/2020/07/14.03-13.pdf
imports,selected_commodities,2020-21,Machinery and Transport equipment,2079345.3,12994.121433302922,160.022,million PKR,million USD,https://www.pbs.gov.pk/wp-content/uploads/2020/07/14.03-13.pdf
imports,selected_commodities,2020-21,Manufactured goods classified mainly by material,900164.7,5625.255902313432,160.022,million PKR,million USD,https://www.pbs.gov.pk/wp-content/uploads/2020/07/14.03-13.pdf
imports,selected_commodities,2020-21,"Minerals, Fuel Lubricants and related material",2070109.8,12936.40749396958,160.022,million PKR,million USD,https://www.pbs.gov.pk/wp-content/uploads/2020/07/14.03-13.pdf
imports,selected_commodities,2021-22,Animal or Vegetable oils & fats,680980.7,3837.5703715391855,177.451,million PKR,million USD,https://www.pbs.gov.pk/wp-content/uploads/2020/07/14.03-13.pdf
imports,selected_commodities,2021-22,Chemicals,2495598.6,14063.59276645384,177.451,million PKR,million USD,https://www.pbs.gov.pk/wp-content/uploads/2020/07/14.03-13.pdf
imports,selected_commodities,2021-22,Food and Live animals,640634.2,3610.203380088024,177.451,million PKR,million USD,https://www.pbs.gov.pk/wp-content/uploads/2020/07/14.03-13.pdf
imports,selected_commodities,2021-22,Machinery and Transport equipment,2697726.0,15202.653126778661,177.451,million PKR,million USD,https://www.pbs.gov.pk/wp-content/uploads/2020/07/14.03-13.pdf
imports,selected_commodities,2021-22,Manufactured goods classified mainly by material,1259054.0,7095.220652461807,177.451,million PKR,million USD,https://www.pbs.gov.pk/wp-content/uploads/2020/07/14.03-13.pdf
imports,selected_commodities,2021-22,"Minerals, Fuel Lubricants and related material",4717725.9,26586.07671977053,177.451,million PKR,million USD,https://www.pbs.gov.pk/wp-content/uploads/2020/07/14.03-13.pdf
imports,selected_commodities,2022-23,Animal or Vegetable oils & fats,985828.9,3974.4915114155438,248.039,million PKR,million USD,https://www.pbs.gov.pk/wp-content/uploads/2020/07/14.03-13.pdf
imports,selected_commodities,2022-23,Chemicals,2177516.1,8778.926297880576,248.039,million PKR,million USD,https://www.pbs.gov.pk/wp-content/uploads/2020/07/14.03-13.pdf
imports,selected_commodities,2022-23,Food and Live animals,932251.7,3758.4883828752736,248.039,million PKR,million USD,https://www.pbs.gov.pk/wp-content/uploads/2020/07/14.03-13.pdf
imports,selected_commodities,2022-23,Machinery and Transport equipment,1829353.1,7375.263970585272,248.039,million PKR,million USD,https://www.pbs.gov.pk/wp-content/uploads/2020/07/14.03-13.pdf
imports,selected_commodities,2022-23,Manufactured goods classified mainly by material,1183614.4,4771.88829176057,248.039,million PKR,million USD,https://www.pbs.gov.pk/wp-content/uploads/2020/07/14.03-13.pdf
imports,selected_commodities,2022-23,"Minerals, Fuel Lubricants and related material",4583587.7,18479.30244840529,248.039,million PKR,million USD,https://www.pbs.gov.pk/wp-content/uploads/2020/07/14.03-13.pdf
imports,selected_commodities,2023-24,Animal or Vegetable oils & fats,846315.2,2991.5913155978474,282.898,million PKR,million USD,https://www.pbs.gov.pk/wp-content/uploads/2020/07/14.03-13.pdf
imports,selected_commodities,2023-24,Chemicals,2402629.6,8492.918295640124,282.898,million PKR,million USD,https://www.pbs.gov.pk/wp-content/uploads/2020/07/14.03-13.pdf
imports,selected_commodities,2023-24,Food and Live animals,1088992.2,3849.4163974294615,282.898,million PKR,million USD,https://www.pbs.gov.pk/wp-content/uploads/2020/07/14.03-13.pdf
imports,selected_commodities,2023-24,Machinery and Transport equipment,2905478.0,10270.408415754087,282.898,million PKR,million USD,https://www.pbs.gov.pk/wp-content/uploads/2020/07/14.03-13.pdf
imports,selected_commodities,2023-24,Manufactured goods classified mainly by material,1447423.3,5116.414043224059,282.898,million PKR,million USD,https://www.pbs.gov.pk/wp-content/uploads/2020/07/14.03-13.pdf
imports,selected_commodities,2023-24,"Minerals, Fuel Lubricants and related material",5006100.4,17695.77869055278,282.898,million PKR,million USD,https://www.pbs.gov.pk/wp-content/uploads/2020/07/14.03-13.pdf
imports,selected_commodities,2024-25,Animal or Vegetable oils & fats,1088522.7,3908.042465192759,278.534,million PKR,million USD,https://www.pbs.gov.pk/wp-content/uploads/2020/07/14.03-13.pdf
imports,selected_commodities,2024-25,Chemicals,2450955.9,8799.485520618668,278.534,million PKR,million USD,https://www.pbs.gov.pk/wp-content/uploads/2020/07/14.03-13.pdf
imports,selected_commodities,2024-25,Food and Live animals,892766.2,3205.232395326962,278.534,million PKR,million USD,https://www.pbs.gov.pk/wp-content/uploads/2020/07/14.03-13.pdf
imports,selected_commodities,2024-25,Machinery and Transport equipment,3367161.5,12088.870658519247,278.534,million PKR,million USD,https://www.pbs.gov.pk/wp-content/uploads/2020/07/14.03-13.pdf
imports,selected_commodities,2024-25,Manufactured goods classified mainly by material,1736581.7,6234.720716321885,278.534,million PKR,million USD,https://www.pbs.gov.pk/wp-content/uploads/2020/07/14.03-13.pdf
imports,selected_commodities,2024-25,"Minerals, Fuel Lubricants and related material",4676311.0,16789.01319049021,278.534,million PKR,million USD,https://www.pbs.gov.pk/wp-content/uploads/2020/07/14.03-13.pdf
